Workbook

Sheet График
A1: График отпусков 2027 — по дням
A2: О — сотрудник в отпуске. Серые столбцы — выходные, красная дата — праздник. Строка «Отсутствуют» показывает, сколько человек нет в этот день (жёлтый — 2, красный — 3 и больше).
A4: Сотрудник | B4: Дней в графике | C4: Дней по плану | D4: Январь | AI4: Февраль | BK4: Март | CP4: Апрель | DT4: Май | EY4: Июнь | GC4: Июль | HH4: Август | IM4: Сентябрь | JQ4: Октябрь | KV4: Ноябрь | LZ4: Декабрь
D5: =DATE(2027,1,1) -> 46388 | E5: =D5+1 -> 46389 | F5: =E5+1 -> 46390 | G5: =F5+1 -> 46391 | H5: =G5+1 -> 46392 | I5: =H5+1 -> 46393 | J5: =I5+1 -> 46394 | K5: =J5+1 -> 46395 | L5: =K5+1 -> 46396 | ... ND5: =NC5+1 -> 46752
D6: =CHOOSE(WEEKDAY(D5,2),"пн","вт","ср","чт","пт","сб","вс") -> пт | E6: =CHOOSE(WEEKDAY(E5,2),"пн","вт","ср","чт","пт","сб","вс") -> сб | F6: =CHOOSE(WEEKDAY(F5,2),"пн","вт","ср","чт","пт","сб","вс") -> вс | G6: =CHOOSE(WEEKDAY(G5,2),"пн","вт","ср","чт","пт","сб","вс") -> пн | H6: =CHOOSE(WEEKDAY(H5,2),"пн","вт","ср","чт","пт","сб","вс") -> вт | I6: =CHOOSE(WEEKDAY(I5,2),"пн","вт","ср","чт","пт","сб","вс") -> ср | J6: =CHOOSE(WEEKDAY(J5,2),"пн","вт","ср","чт","пт","сб","вс") -> чт | K6: =CHOOSE(WEEKDAY(K5,2),"пн","вт","ср","чт","пт","сб","вс") -> пт | ... ND6: =CHOOSE(WEEKDAY(ND5,2),"пн","вт","ср","чт","пт","сб","вс") -> пт
A7: Наташа 1 | B7: =COUNTIF(D7:ND7,"О") -> 55 | C7: =SUMIF(Отпуска!$A$5:$A$17,$A7,Отпуска!$C$5:$C$17) -> 55 | D7: =IF(SUMPRODUCT((Отпуска!$A$5:$A$17=$A7)*(Отпуска!$B$5:$B$17<=D$5)*(Отпуска!$D$5:$D$17>=D$5))>0,"О","") | E7: =IF(SUMPRODUCT((Отпуска!$A$5:$A$17=$A7)*(Отпуска!$B$5:$B$17<=E$5)*(Отпуска!$D$5:$D$17>=E$5))>0,"О","") | F7: =IF(SUMPRODUCT((Отпуска!$A$5:$A$17=$A7)*(Отпуска!$B$5:$B$17<=F$5)*(Отпуска!$D$5:$D$17>=F$5))>0,"О","") | G7: =IF(SUMPRODUCT((Отпуска!$A$5:$A$17=$A7)*(Отпуска!$B$5:$B$17<=G$5)*(Отпуска!$D$5:$D$17>=G$5))>0,"О","") | H7: =IF(SUMPRODUCT((Отпуска!$A$5:$A$17=$A7)*(Отпуска!$B$5:$B$17<=H$5)*(Отпуска!$D$5:$D$17>=H$5))>0,"О","") | I7: =IF(SUMPRODUCT((Отпуска!$A$5:$A$17=$A7)*(Отпуска!$B$5:$B$17<=I$5)*(Отпуска!$D$5:$D$17>=I$5))>0,"О","") | J7: =IF(SUMPRODUCT((Отпуска!$A$5:$A$17=$A7)*(Отпуска!$B$5:$B$17<=J$5)*(Отпуска!$D$5:$D$17>=J$5))>0,"О","") | K7: =IF(SUMPRODUCT((Отпуска!$A$5:$A$17=$A7)*(Отпуска!$B$5:$B$17<=K$5)*(Отпуска!$D$5:$D$17>=K$5))>0,"О","") | ... ND7: =IF(SUMPRODUCT((Отпуска!$A$5:$A$17=$A7)*(Отпуска!$B$5:$B$17<=ND$5)*(Отпуска!$D$5:$D$17>=ND$5))>0,"О","") -> О
A8: Лиля | B8: =COUNTIF(D8:ND8,"О") -> 55 | C8: =SUMIF(Отпуска!$A$5:$A$17,$A8,Отпуска!$C$5:$C$17) -> 55 | D8: =IF(SUMPRODUCT((Отпуска!$A$5:$A$17=$A8)*(Отпуска!$B$5:$B$17<=D$5)*(Отпуска!$D$5:$D$17>=D$5))>0,"О","") | E8: =IF(SUMPRODUCT((Отпуска!$A$5:$A$17=$A8)*(Отпуска!$B$5:$B$17<=E$5)*(Отпуска!$D$5:$D$17>=E$5))>0,"О","") | F8: =IF(SUMPRODUCT((Отпуска!$A$5:$A$17=$A8)*(Отпуска!$B$5:$B$17<=F$5)*(Отпуска!$D$5:$D$17>=F$5))>0,"О","") | G8: =IF(SUMPRODUCT((Отпуска!$A$5:$A$17=$A8)*(Отпуска!$B$5:$B$17<=G$5)*(Отпуска!$D$5:$D$17>=G$5))>0,"О","") | H8: =IF(SUMPRODUCT((Отпуска!$A$5:$A$17=$A8)*(Отпуска!$B$5:$B$17<=H$5)*(Отпуска!$D$5:$D$17>=H$5))>0,"О","") | I8: =IF(SUMPRODUCT((Отпуска!$A$5:$A$17=$A8)*(Отпуска!$B$5:$B$17<=I$5)*(Отпуска!$D$5:$D$17>=I$5))>0,"О","") | J8: =IF(SUMPRODUCT((Отпуска!$A$5:$A$17=$A8)*(Отпуска!$B$5:$B$17<=J$5)*(Отпуска!$D$5:$D$17>=J$5))>0,"О","") | K8: =IF(SUMPRODUCT((Отпуска!$A$5:$A$17=$A8)*(Отпуска!$B$5:$B$17<=K$5)*(Отпуска!$D$5:$D$17>=K$5))>0,"О","") | ... ND8: =IF(SUMPRODUCT((Отпуска!$A$5:$A$17=$A8)*(Отпуска!$B$5:$B$17<=ND$5)*(Отпуска!$D$5:$D$17>=ND$5))>0,"О","") -> О
A9: Наташа 2 | B9: =COUNTIF(D9:ND9,"О") -> 55 | C9: =SUMIF(Отпуска!$A$5:$A$17,$A9,Отпуска!$C$5:$C$17) -> 55 | D9: =IF(SUMPRODUCT((Отпуска!$A$5:$A$17=$A9)*(Отпуска!$B$5:$B$17<=D$5)*(Отпуска!$D$5:$D$17>=D$5))>0,"О","") | E9: =IF(SUMPRODUCT((Отпуска!$A$5:$A$17=$A9)*(Отпуска!$B$5:$B$17<=E$5)*(Отпуска!$D$5:$D$17>=E$5))>0,"О","") | F9: =IF(SUMPRODUCT((Отпуска!$A$5:$A$17=$A9)*(Отпуска!$B$5:$B$17<=F$5)*(Отпуска!$D$5:$D$17>=F$5))>0,"О","") | G9: =IF(SUMPRODUCT((Отпуска!$A$5:$A$17=$A9)*(Отпуска!$B$5:$B$17<=G$5)*(Отпуска!$D$5:$D$17>=G$5))>0,"О","") | H9: =IF(SUMPRODUCT((Отпуска!$A$5:$A$17=$A9)*(Отпуска!$B$5:$B$17<=H$5)*(Отпуска!$D$5:$D$17>=H$5))>0,"О","") | I9: =IF(SUMPRODUCT((Отпуска!$A$5:$A$17=$A9)*(Отпуска!$B$5:$B$17<=I$5)*(Отпуска!$D$5:$D$17>=I$5))>0,"О","") | J9: =IF(SUMPRODUCT((Отпуска!$A$5:$A$17=$A9)*(Отпуска!$B$5:$B$17<=J$5)*(Отпуска!$D$5:$D$17>=J$5))>0,"О","") | K9: =IF(SUMPRODUCT((Отпуска!$A$5:$A$17=$A9)*(Отпуска!$B$5:$B$17<=K$5)*(Отпуска!$D$5:$D$17>=K$5))>0,"О","") | ... ND9: =IF(SUMPRODUCT((Отпуска!$A$5:$A$17=$A9)*(Отпуска!$B$5:$B$17<=ND$5)*(Отпуска!$D$5:$D$17>=ND$5))>0,"О","")
A10: Саша | B10: =COUNTIF(D10:ND10,"О") -> 57 | C10: =SUMIF(Отпуска!$A$5:$A$17,$A10,Отпуска!$C$5:$C$17) -> 57 | D10: =IF(SUMPRODUCT((Отпуска!$A$5:$A$17=$A10)*(Отпуска!$B$5:$B$17<=D$5)*(Отпуска!$D$5:$D$17>=D$5))>0,"О","") | E10: =IF(SUMPRODUCT((Отпуска!$A$5:$A$17=$A10)*(Отпуска!$B$5:$B$17<=E$5)*(Отпуска!$D$5:$D$17>=E$5))>0,"О","") | F10: =IF(SUMPRODUCT((Отпуска!$A$5:$A$17=$A10)*(Отпуска!$B$5:$B$17<=F$5)*(Отпуска!$D$5:$D$17>=F$5))>0,"О","") | G10: =IF(SUMPRODUCT((Отпуска!$A$5:$A$17=$A10)*(Отпуска!$B$5:$B$17<=G$5)*(Отпуска!$D$5:$D$17>=G$5))>0,"О","") | H10: =IF(SUMPRODUCT((Отпуска!$A$5:$A$17=$A10)*(Отпуска!$B$5:$B$17<=H$5)*(Отпуска!$D$5:$D$17>=H$5))>0,"О","") | I10: =IF(SUMPRODUCT((Отпуска!$A$5:$A$17=$A10)*(Отпуска!$B$5:$B$17<=I$5)*(Отпуска!$D$5:$D$17>=I$5))>0,"О","") | J10: =IF(SUMPRODUCT((Отпуска!$A$5:$A$17=$A10)*(Отпуска!$B$5:$B$17<=J$5)*(Отпуска!$D$5:$D$17>=J$5))>0,"О","") | K10: =IF(SUMPRODUCT((Отпуска!$A$5:$A$17=$A10)*(Отпуска!$B$5:$B$17<=K$5)*(Отпуска!$D$5:$D$17>=K$5))>0,"О","") | ... ND10: =IF(SUMPRODUCT((Отпуска!$A$5:$A$17=$A10)*(Отпуска!$B$5:$B$17<=ND$5)*(Отпуска!$D$5:$D$17>=ND$5))>0,"О","")
A11: Отсутствуют | B11: =COUNTIF(D11:ND11,">=2") -> 59 | C11: дн. ≥2 | D11: =COUNTIF(D7:D10,"О") -> 0 | E11: =COUNTIF(E7:E10,"О") -> 0 | F11: =COUNTIF(F7:F10,"О") -> 0 | G11: =COUNTIF(G7:G10,"О") -> 0 | H11: =COUNTIF(H7:H10,"О") -> 0 | I11: =COUNTIF(I7:I10,"О") -> 0 | J11: =COUNTIF(J7:J10,"О") -> 0 | K11: =COUNTIF(K7:K10,"О") -> 0 | ... ND11: =COUNTIF(ND7:ND10,"О") -> 2

Sheet Отпуска
A1: Периоды отпусков 2027
A2: Меняйте только синие ячейки (сотрудник, дата начала, число дней) — график пересчитается сам.
A4: Сотрудник | B4: Начало | C4: Дней | D4: Окончание | F4: Праздники 2027
A5: Наташа 1 | B5: 46433 | C5: 11 | D5: =B5+C5-1 -> 46443 | F5: 46388
A6: Наташа 1 | B6: 46511 | C6: 17 | D6: =B6+C6-1 -> 46527 | F6: 46389
A7: Наташа 1 | B7: 46601 | C7: 19 | D7: =B7+C7-1 -> 46619 | F7: 46390
A8: Наташа 1 | B8: 46745 | C8: 8 | D8: =B8+C8-1 -> 46752 | F8: 46391
A9: Лиля | B9: 46455 | C9: 13 | D9: =B9+C9-1 -> 46467 | F9: 46392
A10: Лиля | B10: 46538 | C10: 34 | D10: =B10+C10-1 -> 46571 | F10: 46393
A11: Лиля | B11: 46745 | C11: 8 | D11: =B11+C11-1 -> 46752 | F11: 46394
A12: Наташа 2 | B12: 46468 | C12: 7 | D12: =B12+C12-1 -> 46474 | F12: 46395
A13: Наташа 2 | B13: 46580 | C13: 33 | D13: =B13+C13-1 -> 46612 | F13: 46441
A14: Наташа 2 | B14: 46737 | C14: 15 | D14: =B14+C14-1 -> 46751 | F14: 46454
A15: Саша | B15: 46455 | C15: 18 | D15: =B15+C15-1 -> 46472 | F15: 46508
A16: Саша | B16: 46553 | C16: 29 | D16: =B16+C16-1 -> 46581 | F16: 46516
A17: Саша | B17: 46685 | C17: 10 | D17: =B17+C17-1 -> 46694 | F17: 46550
F18: 46695
A19: Итого по сотрудникам
A20: Наташа 1 | C20: =SUMIF($A$5:$A$17,A20,$C$5:$C$17) -> 55 | F20: Источник: производственный календарь РФ (ст. 112 ТК РФ)
A21: Лиля | C21: =SUMIF($A$5:$A$17,A21,$C$5:$C$17) -> 55
A22: Наташа 2 | C22: =SUMIF($A$5:$A$17,A22,$C$5:$C$17) -> 55
A23: Саша | C23: =SUMIF($A$5:$A$17,A23,$C$5:$C$17) -> 57
